{
  "svhn": {
    "ref_s0": {
      "point": 0.09756760909649662,
      "lo": 0.0881255716085434,
      "hi": 0.10783478617668152
    },
    "ref_s1": {
      "point": 0.1328275968039336,
      "lo": 0.12346536666154861,
      "hi": 0.1426437348127365
    },
    "ref_s2": {
      "point": 0.08815519360786724,
      "lo": 0.07946490496397018,
      "hi": 0.09699495881795883
    },
    "hardmask_s0*": {
      "point": 0.1648620159803319,
      "lo": 0.14979051053524017,
      "hi": 0.18093514442443848
    },
    "pixel_std": {
      "point": 0.10206177012907192,
      "lo": 0.09335857629776001,
      "hi": 0.11116324365139008
    },
    "random_init": {
      "point": 0.5717913337430854,
      "lo": 0.5510766506195068,
      "hi": 0.5896481871604919
    },
    "mahal_tgt": {
      "point": 0.9850169022741242,
      "lo": 0.9801881909370422,
      "hi": 0.9891411066055298
    },
    "mahal_ctx": {
      "point": 0.9977077443146896,
      "lo": 0.9964022040367126,
      "hi": 0.9987576603889465
    },
    "mae_untrained": {
      "point": 0.7161060233558697,
      "lo": 0.7031325697898865,
      "hi": 0.728547990322113
    },
    "mae_trained": {
      "point": 0.01288660110633067,
      "lo": 0.009566010907292366,
      "hi": 0.01675553247332573
    }
  },
  "cifar10": {
    "ref_s0": {
      "point": 0.41104,
      "lo": 0.39409834146499634,
      "hi": 0.4291841983795166
    },
    "ref_s1": {
      "point": 0.5177256,
      "lo": 0.5013670325279236,
      "hi": 0.5345960855484009
    },
    "ref_s2": {
      "point": 0.4381024,
      "lo": 0.4215262532234192,
      "hi": 0.45499706268310547
    },
    "hardmask_s0*": {
      "point": 0.4012564,
      "lo": 0.382707417011261,
      "hi": 0.42005422711372375
    },
    "pixel_std": {
      "point": 0.405188,
      "lo": 0.3873085379600525,
      "hi": 0.42457982897758484
    },
    "random_init": {
      "point": 0.5154224,
      "lo": 0.497320294380188,
      "hi": 0.53449946641922
    },
    "mahal_tgt": {
      "point": 0.855132,
      "lo": 0.8407215476036072,
      "hi": 0.8690606951713562
    },
    "mahal_ctx": {
      "point": 0.9493952,
      "lo": 0.94175785779953,
      "hi": 0.9570832848548889
    },
    "mae_untrained": {
      "point": 0.5188304,
      "lo": 0.5018568634986877,
      "hi": 0.5360196232795715
    },
    "mae_trained": {
      "point": 0.1472872,
      "lo": 0.13173557817935944,
      "hi": 0.16194993257522583
    }
  }
}