{
  "svhn": {
    "ref_s0": {
      "point": 0.07763202980946528,
      "lo": 0.07403799891471863,
      "hi": 0.08096665889024734
    },
    "ref_s1": {
      "point": 0.12774558236017208,
      "lo": 0.12351199239492416,
      "hi": 0.13189509510993958
    },
    "ref_s2": {
      "point": 0.08484883988936694,
      "lo": 0.08114241063594818,
      "hi": 0.0883919820189476
    },
    "hardmask_s0*": {
      "point": 0.12081395974185617,
      "lo": 0.11603006720542908,
      "hi": 0.12567418813705444
    },
    "pixel_std": {
      "point": 0.10091921481253842,
      "lo": 0.09700147807598114,
      "hi": 0.10460390895605087
    },
    "random_init": {
      "point": 0.41891091733251384,
      "lo": 0.4107459485530853,
      "hi": 0.4265539050102234
    },
    "mahal_tgt": {
      "point": 0.9855736401352182,
      "lo": 0.9841842651367188,
      "hi": 0.9870487451553345
    },
    "mahal_ctx": {
      "point": 0.9806615319606637,
      "lo": 0.9787318110466003,
      "hi": 0.9827682375907898
    },
    "mae_untrained": {
      "point": 0.7709888214505224,
      "lo": 0.7660958170890808,
      "hi": 0.7760291695594788
    },
    "mae_trained": {
      "point": 0.01265707590657652,
      "lo": 0.011462381109595299,
      "hi": 0.013934262096881866
    }
  },
  "cifar10": {
    "ref_s0": {
      "point": 0.3665658,
      "lo": 0.3587357699871063,
      "hi": 0.37444013357162476
    },
    "ref_s1": {
      "point": 0.5048239,
      "lo": 0.4967568516731262,
      "hi": 0.5131627321243286
    },
    "ref_s2": {
      "point": 0.4294865,
      "lo": 0.421109676361084,
      "hi": 0.4377349615097046
    },
    "hardmask_s0*": {
      "point": 0.3404887,
      "lo": 0.33233216404914856,
      "hi": 0.3484792709350586
    },
    "pixel_std": {
      "point": 0.3945619,
      "lo": 0.3864361345767975,
      "hi": 0.4029710590839386
    },
    "random_init": {
      "point": 0.3780621,
      "lo": 0.36975258588790894,
      "hi": 0.38645780086517334
    },
    "mahal_tgt": {
      "point": 0.863749,
      "lo": 0.8583599328994751,
      "hi": 0.869347333908081
    },
    "mahal_ctx": {
      "point": 0.8520996,
      "lo": 0.8463962078094482,
      "hi": 0.8578933477401733
    },
    "mae_untrained": {
      "point": 0.5316022,
      "lo": 0.5235617160797119,
      "hi": 0.5407798290252686
    },
    "mae_trained": {
      "point": 0.1442804,
      "lo": 0.13840478658676147,
      "hi": 0.15024539828300476
    }
  }
}